run_id,architecture_slug,architecture_label,dataset_label,stress_slug,stress_label,scenario_index,aging_light_suns,scan_light_suns,aging_temperature_C,scan_temperature_C,light_suns,temperature_C,n_timepoints,min_aging_h,max_aging_h,PCE_initial_pct,PCE_final_pct,PCE_final_retention_pct,Voc_final_V,FF_final,Jsc_final_mAcm2,valid_metric_timepoints,raw_jv_file
arch_baseline_pin__stress_light_0p01sun_temp_300k__Stress_matrix_jv_003_updated,arch_baseline_pin,Baseline p-i-n,Full-J-V light-temperature aging sweep,stress_light_0p01sun_temp_300k,"0 sun, 300 K",1,0.01,1.0,26.850000000000023,26.850000000000023,0.01,26.850000000000023,10,0,1000,22.61538683565649,22.607991458738166,99.9672993569729,1.2720185298223674,0.8624149364200766,20.60877951894825,10,data\raw\comsol\arch_baseline_pin\Aging\Stress_matrix_jv_003_updated.csv
arch_baseline_pin__stress_light_0p20sun_temp_300k__Stress_matrix_jv_003_updated,arch_baseline_pin,Baseline p-i-n,Full-J-V light-temperature aging sweep,stress_light_0p20sun_temp_300k,"0.2 sun, 300 K",2,0.2,1.0,26.850000000000023,26.850000000000023,0.2,26.850000000000023,10,0,1000,22.61538683644497,22.589189365901223,99.88416085591105,1.2715508699756453,0.8620847193384586,20.607103843466422,10,data\raw\comsol\arch_baseline_pin\Aging\Stress_matrix_jv_003_updated.csv
arch_baseline_pin__stress_light_0p40sun_temp_300k__Stress_matrix_jv_003_updated,arch_baseline_pin,Baseline p-i-n,Full-J-V light-temperature aging sweep,stress_light_0p40sun_temp_300k,"0.4 sun, 300 K",3,0.4,1.0,26.850000000000023,26.850000000000023,0.4,26.850000000000023,10,0,1000,22.615386987557716,22.569428302593803,99.79678134630551,1.2710672578553714,0.8617320015568942,20.605340961839858,10,data\raw\comsol\arch_baseline_pin\Aging\Stress_matrix_jv_003_updated.csv
arch_baseline_pin__stress_light_0p60sun_temp_300k__Stress_matrix_jv_003_updated,arch_baseline_pin,Baseline p-i-n,Full-J-V light-temperature aging sweep,stress_light_0p60sun_temp_300k,"0.6 sun, 300 K",4,0.6,1.0,26.850000000000023,26.850000000000023,0.6,26.850000000000023,10,0,1000,22.615386836445072,22.549698592274538,99.70954180600317,1.2705922687165632,0.8613742061386314,20.60357914296281,10,data\raw\comsol\arch_baseline_pin\Aging\Stress_matrix_jv_003_updated.csv
arch_baseline_pin__stress_light_0p80sun_temp_300k__Stress_matrix_jv_003_updated,arch_baseline_pin,Baseline p-i-n,Full-J-V light-temperature aging sweep,stress_light_0p80sun_temp_300k,"0.8 sun, 300 K",5,0.8,1.0,26.850000000000023,26.850000000000023,0.8,26.850000000000023,10,0,1000,22.615386835656636,22.530000388585933,99.62244091736659,1.270125661795397,0.8610115040149519,20.60181838958276,10,data\raw\comsol\arch_baseline_pin\Aging\Stress_matrix_jv_003_updated.csv
arch_baseline_pin__stress_light_1p00sun_temp_300k__Stress_matrix_jv_003_updated,arch_baseline_pin,Baseline p-i-n,Full-J-V light-temperature aging sweep,stress_light_1p00sun_temp_300k,"1 sun, 300 K",6,1.0,1.0,26.850000000000023,26.850000000000023,1.0,26.850000000000023,10,0,1000,22.6153868714081,22.51033217300882,99.53547246838347,1.2696671513729183,0.8606440387906448,20.60005856188496,10,data\raw\comsol\arch_baseline_pin\Aging\Stress_matrix_jv_003_updated.csv
arch_baseline_pin__stress_light_0p01sun_temp_320k__Stress_matrix_jv_003_updated,arch_baseline_pin,Baseline p-i-n,Full-J-V light-temperature aging sweep,stress_light_0p01sun_temp_320k,"0 sun, 320 K",7,0.01,1.0,46.85000000000002,46.85000000000002,0.01,46.85000000000002,10,0,1000,22.61538687128928,22.579697705848073,99.8421907807975,1.271446321632783,0.8617799118073408,20.60742496739961,10,data\raw\comsol\arch_baseline_pin\Aging\Stress_matrix_jv_003_updated.csv
arch_baseline_pin__stress_light_0p20sun_temp_320k__Stress_matrix_jv_003_updated,arch_baseline_pin,Baseline p-i-n,Full-J-V light-temperature aging sweep,stress_light_0p20sun_temp_320k,"0.2 sun, 320 K",8,0.2,1.0,46.85000000000002,46.85000000000002,0.2,46.85000000000002,10,0,1000,22.615386869712577,22.48949750046388,99.44334638193922,1.2693065015704073,0.8601210632796702,20.599356991348586,10,data\raw\comsol\arch_baseline_pin\Aging\Stress_matrix_jv_003_updated.csv
arch_baseline_pin__stress_light_0p40sun_temp_320k__Stress_matrix_jv_003_updated,arch_baseline_pin,Baseline p-i-n,Full-J-V light-temperature aging sweep,stress_light_0p40sun_temp_320k,"0.4 sun, 320 K",9,0.4,1.0,46.85000000000002,46.85000000000002,0.4,46.85000000000002,10,0,1000,22.615386871289658,22.395235507908666,99.02654168759555,1.2672286990056114,0.8582733249262476,20.590885285376963,10,data\raw\comsol\arch_baseline_pin\Aging\Stress_matrix_jv_003_updated.csv
arch_baseline_pin__stress_light_0p60sun_temp_320k__Stress_matrix_jv_003_updated,arch_baseline_pin,Baseline p-i-n,Full-J-V light-temperature aging sweep,stress_light_0p60sun_temp_320k,"0.6 sun, 320 K",10,0.6,1.0,46.85000000000002,46.85000000000002,0.6,46.85000000000002,10,0,1000,22.61538683632693,22.301660730323942,98.61277585798774,1.265300513553565,0.8563410933880213,20.582434182464823,10,data\raw\comsol\arch_baseline_pin\Aging\Stress_matrix_jv_003_updated.csv
arch_baseline_pin__stress_light_0p80sun_temp_320k__Stress_matrix_jv_003_updated,arch_baseline_pin,Baseline p-i-n,Full-J-V light-temperature aging sweep,stress_light_0p80sun_temp_320k,"0.8 sun, 320 K",11,0.8,1.0,46.85000000000002,46.85000000000002,0.8,46.85000000000002,10,0,1000,22.615386758523904,22.20877604318349,98.2020616331615,1.2630598271383418,0.8546373293217109,20.5740051488358,10,data\raw\comsol\arch_baseline_pin\Aging\Stress_matrix_jv_003_updated.csv
arch_baseline_pin__stress_light_1p00sun_temp_320k__Stress_matrix_jv_003_updated,arch_baseline_pin,Baseline p-i-n,Full-J-V light-temperature aging sweep,stress_light_1p00sun_temp_320k,"1 sun, 320 K",12,1.0,1.0,46.85000000000002,46.85000000000002,1.0,46.85000000000002,10,0,1000,22.615386759312553,22.1165726577126,97.79435962378777,1.2610019986634127,0.8528265365667409,20.56559818138298,10,data\raw\comsol\arch_baseline_pin\Aging\Stress_matrix_jv_003_updated.csv
arch_baseline_pin__stress_light_0p01sun_temp_340k__Stress_matrix_jv_003_updated,arch_baseline_pin,Baseline p-i-n,Full-J-V light-temperature aging sweep,stress_light_0p01sun_temp_340k,"0 sun, 340 K",13,0.01,1.0,66.85000000000002,66.85000000000002,0.01,66.85000000000002,10,0,1000,22.615386758867086,22.47223841492844,99.36703119223677,1.269370851950434,0.8592951079414572,20.602288901832424,10,data\raw\comsol\arch_baseline_pin\Aging\Stress_matrix_jv_003_updated.csv
arch_baseline_pin__stress_light_0p20sun_temp_340k__Stress_matrix_jv_003_updated,arch_baseline_pin,Baseline p-i-n,Full-J-V light-temperature aging sweep,stress_light_0p20sun_temp_340k,"0.2 sun, 340 K",14,0.2,1.0,66.85000000000002,66.85000000000002,0.2,66.85000000000002,10,0,1000,22.615386759656044,22.116567199710236,97.79433548828067,1.2614128066527333,0.852361501612688,20.570112057612736,10,data\raw\comsol\arch_baseline_pin\Aging\Stress_matrix_jv_003_updated.csv
arch_baseline_pin__stress_light_0p40sun_temp_340k__Stress_matrix_jv_003_updated,arch_baseline_pin,Baseline p-i-n,Full-J-V light-temperature aging sweep,stress_light_0p40sun_temp_340k,"0.4 sun, 340 K",15,0.4,1.0,66.85000000000002,66.85000000000002,0.4,66.85000000000002,10,0,1000,22.615386835882823,21.798976058480502,96.39002072647743,1.2544389975801402,0.846172060430703,20.536567941139964,10,data\raw\comsol\arch_baseline_pin\Aging\Stress_matrix_jv_003_updated.csv
arch_baseline_pin__stress_light_0p60sun_temp_340k__Stress_matrix_jv_003_updated,arch_baseline_pin,Baseline p-i-n,Full-J-V light-temperature aging sweep,stress_light_0p60sun_temp_340k,"0.6 sun, 340 K",16,0.6,1.0,66.85000000000002,66.85000000000002,0.6,66.85000000000002,10,0,1000,22.615386836671856,21.533180091629475,95.21473254975442,1.2490710016779991,0.8408067329160095,20.50335191775314,10,data\raw\comsol\arch_baseline_pin\Aging\Stress_matrix_jv_003_updated.csv
arch_baseline_pin__stress_light_0p80sun_temp_340k__Stress_matrix_jv_003_updated,arch_baseline_pin,Baseline p-i-n,Full-J-V light-temperature aging sweep,stress_light_0p80sun_temp_340k,"0.8 sun, 340 K",17,0.8,1.0,66.85000000000002,66.85000000000002,0.8,66.85000000000002,10,0,1000,22.61538683667239,21.27357690985501,94.0668274369663,1.2447442563810285,0.8348967612904196,20.470460395730605,10,data\raw\comsol\arch_baseline_pin\Aging\Stress_matrix_jv_003_updated.csv
arch_baseline_pin__stress_light_1p00sun_temp_340k__Stress_matrix_jv_003_updated,arch_baseline_pin,Baseline p-i-n,Full-J-V light-temperature aging sweep,stress_light_1p00sun_temp_340k,"1 sun, 340 K",18,1.0,1.0,66.85000000000002,66.85000000000002,1.0,66.85000000000002,10,0,1000,22.615386835884483,21.019906476114404,92.94515556444746,1.2403922334629218,0.8291550451165102,20.4378869927972,10,data\raw\comsol\arch_baseline_pin\Aging\Stress_matrix_jv_003_updated.csv
arch_baseline_pin__stress_light_0p01sun_temp_360k__Stress_matrix_jv_003_updated,arch_baseline_pin,Baseline p-i-n,Full-J-V light-temperature aging sweep,stress_light_0p01sun_temp_360k,"0 sun, 360 K",19,0.01,1.0,86.85000000000002,86.85000000000002,0.01,86.85000000000002,10,0,1000,22.615386871865166,22.123423683621652,97.82465278603948,1.263033218231832,0.8508889605711794,20.5856542666663,10,data\raw\comsol\arch_baseline_pin\Aging\Stress_matrix_jv_003_updated.csv
arch_baseline_pin__stress_light_0p20sun_temp_360k__Stress_matrix_jv_003_updated,arch_baseline_pin,Baseline p-i-n,Full-J-V light-temperature aging sweep,stress_light_0p20sun_temp_360k,"0.2 sun, 360 K",20,0.2,1.0,86.85000000000002,86.85000000000002,0.2,86.85000000000002,10,0,1000,22.615386760677307,21.21461560044637,93.80611450489744,1.244302746898497,0.8326202945183804,20.476801240011707,10,data\raw\comsol\arch_baseline_pin\Aging\Stress_matrix_jv_003_updated.csv
arch_baseline_pin__stress_light_0p40sun_temp_360k__Stress_matrix_jv_003_updated,arch_baseline_pin,Baseline p-i-n,Full-J-V light-temperature aging sweep,stress_light_0p40sun_temp_360k,"0.4 sun, 360 K",21,0.4,1.0,86.85000000000002,86.85000000000002,0.4,86.85000000000002,10,0,1000,22.615386836904968,20.482171837019944,90.56741759374228,1.231641029627387,0.8165606791030331,20.36589002703522,10,data\raw\comsol\arch_baseline_pin\Aging\Stress_matrix_jv_003_updated.csv
arch_baseline_pin__stress_light_0p60sun_temp_360k__Stress_matrix_jv_003_updated,arch_baseline_pin,Baseline p-i-n,Full-J-V light-temperature aging sweep,stress_light_0p60sun_temp_360k,"0.6 sun, 360 K",22,0.6,1.0,86.85000000000002,86.85000000000002,0.6,86.85000000000002,10,0,1000,22.615386909427425,19.83753180952479,87.71696849128564,1.2236543266318773,0.800240623869042,20.25854692218655,10,data\raw\comsol\arch_baseline_pin\Aging\Stress_matrix_jv_003_updated.csv
arch_baseline_pin__stress_light_0p80sun_temp_360k__Stress_matrix_jv_003_updated,arch_baseline_pin,Baseline p-i-n,Full-J-V light-temperature aging sweep,stress_light_0p80sun_temp_360k,"0.8 sun, 360 K",23,0.8,1.0,86.85000000000002,86.85000000000002,0.8,86.85000000000002,10,0,1000,22.615386759893028,19.313949499838742,85.40180941804994,1.2165864063757668,0.7876879673550796,20.154587813328657,10,data\raw\comsol\arch_baseline_pin\Aging\Stress_matrix_jv_003_updated.csv
arch_baseline_pin__stress_light_1p00sun_temp_360k__Stress_matrix_jv_003_updated,arch_baseline_pin,Baseline p-i-n,Full-J-V light-temperature aging sweep,stress_light_1p00sun_temp_360k,"1 sun, 360 K",24,1.0,1.0,86.85000000000002,86.85000000000002,1.0,86.85000000000002,10,0,1000,22.615386759894502,18.82647829423877,83.24632469971782,1.2110407810295358,0.7751983259009042,20.05383760783304,10,data\raw\comsol\arch_baseline_pin\Aging\Stress_matrix_jv_003_updated.csv
arch_baseline_pin__stress_light_0p01sun_temp_380k__Stress_matrix_jv_003_updated,arch_baseline_pin,Baseline p-i-n,Full-J-V light-temperature aging sweep,stress_light_0p01sun_temp_380k,"0 sun, 380 K",25,0.01,1.0,106.85000000000002,106.85000000000002,0.01,106.85000000000002,10,0,1000,22.61538684282482,21.38202797507632,94.54637289063305,1.248753422266402,0.8336859340348337,20.5385475518858,10,data\raw\comsol\arch_baseline_pin\Aging\Stress_matrix_jv_003_updated.csv
arch_baseline_pin__stress_light_0p20sun_temp_380k__Stress_matrix_jv_003_updated,arch_baseline_pin,Baseline p-i-n,Full-J-V light-temperature aging sweep,stress_light_0p20sun_temp_380k,"0.2 sun, 380 K",26,0.2,1.0,106.85000000000002,106.85000000000002,0.2,106.85000000000002,10,0,1000,22.61538684361662,19.51318890444601,86.28279957967541,1.2188521550142521,0.7916242555131627,20.22358416523997,10,data\raw\comsol\arch_baseline_pin\Aging\Stress_matrix_jv_003_updated.csv
arch_baseline_pin__stress_light_0p40sun_temp_380k__Stress_matrix_jv_003_updated,arch_baseline_pin,Baseline p-i-n,Full-J-V light-temperature aging sweep,stress_light_0p40sun_temp_380k,"0.4 sun, 380 K",27,0.4,1.0,106.85000000000002,106.85000000000002,0.4,106.85000000000002,10,0,1000,22.615386843620126,18.138258096703947,80.20317415804368,1.2038046558317415,0.7563326472938033,19.921714480089832,10,data\raw\comsol\arch_baseline_pin\Aging\Stress_matrix_jv_003_updated.csv
arch_baseline_pin__stress_light_0p60sun_temp_380k__Stress_matrix_jv_003_updated,arch_baseline_pin,Baseline p-i-n,Full-J-V light-temperature aging sweep,stress_light_0p60sun_temp_380k,"0.6 sun, 380 K",28,0.6,1.0,106.85000000000002,106.85000000000002,0.6,106.85000000000002,10,0,1000,22.61538684362364,17.063343858447173,75.45015248438321,1.19314923906548,0.7279398311865445,19.64598872596412,10,data\raw\comsol\arch_baseline_pin\Aging\Stress_matrix_jv_003_updated.csv
arch_baseline_pin__stress_light_0p80sun_temp_380k__Stress_matrix_jv_003_updated,arch_baseline_pin,Baseline p-i-n,Full-J-V light-temperature aging sweep,stress_light_0p80sun_temp_380k,"0.8 sun, 380 K",29,0.8,1.0,106.85000000000002,106.85000000000002,0.8,106.85000000000002,10,0,1000,22.61538669251452,16.20880719105014,71.67158984027057,1.1853949654366835,0.7050927177439736,19.392854924102487,10,data\raw\comsol\arch_baseline_pin\Aging\Stress_matrix_jv_003_updated.csv
arch_baseline_pin__stress_light_1p00sun_temp_380k__Stress_matrix_jv_003_updated,arch_baseline_pin,Baseline p-i-n,Full-J-V light-temperature aging sweep,stress_light_1p00sun_temp_380k,"1 sun, 380 K",30,1.0,1.0,106.85000000000002,106.85000000000002,1.0,106.85000000000002,10,0,1000,22.615386842842266,15.476998668765129,68.43570165886229,1.17941312244443,0.6849176003182454,19.159424651856902,10,data\raw\comsol\arch_baseline_pin\Aging\Stress_matrix_jv_003_updated.csv
arch_baseline_pin__stress_light_0p01sun_temp_400k__Stress_matrix_jv_003_updated,arch_baseline_pin,Baseline p-i-n,Full-J-V light-temperature aging sweep,stress_light_0p01sun_temp_400k,"0 sun, 400 K",31,0.01,1.0,126.85000000000002,126.85000000000002,0.01,126.85000000000002,10,0,1000,22.61538671489493,20.116892485992313,88.95223742843599,1.2268949429555889,0.80297166819189,20.419885212742926,10,data\raw\comsol\arch_baseline_pin\Aging\Stress_matrix_jv_003_updated.csv
arch_baseline_pin__stress_light_0p20sun_temp_400k__Stress_matrix_jv_003_updated,arch_baseline_pin,Baseline p-i-n,Full-J-V light-temperature aging sweep,stress_light_0p20sun_temp_400k,"0.2 sun, 400 K",32,0.2,1.0,126.85000000000002,126.85000000000002,0.2,126.85000000000002,10,0,1000,22.61538671411441,16.895382972396455,74.70746879535753,1.1900018629770246,0.7225796113746521,19.648739552898856,10,data\raw\comsol\arch_baseline_pin\Aging\Stress_matrix_jv_003_updated.csv
arch_baseline_pin__stress_light_0p40sun_temp_400k__Stress_matrix_jv_003_updated,arch_baseline_pin,Baseline p-i-n,Full-J-V light-temperature aging sweep,stress_light_0p40sun_temp_400k,"0.4 sun, 400 K",33,0.4,1.0,126.85000000000002,126.85000000000002,0.4,126.85000000000002,10,0,1000,22.61538671491124,14.917341637144764,65.96102832638789,1.1722066159519664,0.669698417849741,19.00237983697316,10,data\raw\comsol\arch_baseline_pin\Aging\Stress_matrix_jv_003_updated.csv
arch_baseline_pin__stress_light_0p60sun_temp_400k__Stress_matrix_jv_003_updated,arch_baseline_pin,Baseline p-i-n,Full-J-V light-temperature aging sweep,stress_light_0p60sun_temp_400k,"0.6 sun, 400 K",34,0.6,1.0,126.85000000000002,126.85000000000002,0.6,126.85000000000002,10,0,1000,22.61538671491963,13.622482025769182,60.235459147741544,1.1606324162399049,0.6348262377670857,18.488712928151596,10,data\raw\comsol\arch_baseline_pin\Aging\Stress_matrix_jv_003_updated.csv
arch_baseline_pin__stress_light_0p80sun_temp_400k__Stress_matrix_jv_003_updated,arch_baseline_pin,Baseline p-i-n,Full-J-V light-temperature aging sweep,stress_light_0p80sun_temp_400k,"0.8 sun, 400 K",35,0.8,1.0,126.85000000000002,126.85000000000002,0.8,126.85000000000002,10,0,1000,22.615386714928047,12.679106055734863,56.0640691912891,1.1508791381231638,0.6098534583523028,18.06481115346534,10,data\raw\comsol\arch_baseline_pin\Aging\Stress_matrix_jv_003_updated.csv
arch_baseline_pin__stress_light_1p00sun_temp_400k__Stress_matrix_jv_003_updated,arch_baseline_pin,Baseline p-i-n,Full-J-V light-temperature aging sweep,stress_light_1p00sun_temp_400k,"1 sun, 400 K",36,1.0,1.0,126.85000000000002,126.85000000000002,1.0,126.85000000000002,10,0,1000,22.615386563326247,11.860069725554617,52.44248066397079,1.1422153965335893,0.5880163398316768,17.65833850515257,10,data\raw\comsol\arch_baseline_pin\Aging\Stress_matrix_jv_003_updated.csv
