mode,case_id,tage_hours_h,PCE_pct,Vmpp_V,Jmpp_mAcm2,Voc_V,Jsc_mAcm2,FF,PCE_norm,Dmaster,Rs_ohm,Rsh_ohm,Nt_1pm3,S_mps,Qf_Cpm2,scenario_family,scenario_label,scenario_short,case_knob_short,active_Rs,active_Rsh,active_Nt,active_Qf,active_S
0,0,0.0,21.349532116645616,1.05,20.332887730138683,1.1888025451838176,21.621030851727173,0.8306197226799951,1.0,0.0,11.11111111111111,55555.55555555556,9.999999999999998e+21,10.0,0.0,full_coupled,Full coupled degradation,full_coupled,all,True,True,True,True,True
0,0,50.0,20.862889116869784,1.03,20.25523215230076,1.1684073195087714,21.60253656458822,0.8265619936453646,0.9772059173420288,0.0487705754992859,12.216577489094924,52981.55295975991,1.5852469059914314e+22,13.90164603994288,5.8524690599143177e-05,full_coupled,Full coupled degradation,full_coupled,all,True,True,True,True,True
0,0,100.0,20.524075253168245,1.02,20.121642405066904,1.156229681803162,21.585182270758157,0.8223633821849806,0.9613360677429654,0.0951625819640404,13.268129635629364,50533.08595189786,2.1419509835684857e+22,17.61300655712324,0.00011419509835684856,full_coupled,Full coupled degradation,full_coupled,all,True,True,True,True,True
0,0,250.0,19.871811821471336,1.0,19.871811821471333,1.1371011881682187,21.539106228042755,0.8113545470911082,0.9307844177989201,0.2211992169285951,16.12496002815927,43881.152439879705,3.6543906031431408e+22,27.695937354287608,0.0002654390603143141,full_coupled,Full coupled degradation,full_coupled,all,True,True,True,True,True
0,0,500.0,19.240158474913088,0.98,19.63281477031948,1.1224318304505134,21.478345605796164,0.7980826039291187,0.9011981325769706,0.3934693402873666,20.02974949095809,34789.1181515001,5.7216320834483975e+22,41.47754722298933,0.0004721632083448399,full_coupled,Full coupled degradation,full_coupled,all,True,True,True,True,True
0,0,750.0,18.821110588710113,0.97,19.40320679248465,1.11432521945606,21.432531124500127,0.7880609789657486,0.8815701667783077,0.5276334472589853,23.070802582314776,27708.234727998,7.331601367107823e+22,52.21067578071882,0.0006331601367107824,full_coupled,Full coupled degradation,full_coupled,all,True,True,True,True,True
0,0,1000.0,18.493396557148163,0.97,19.06535727541048,1.109280675724066,21.39764401758525,0.7791288338209237,0.8662202270338933,0.6321205588285577,25.43917711122508,22193.637172937237,8.58544670594269e+22,60.56964470628461,0.0007585446705942691,full_coupled,Full coupled degradation,full_coupled,all,True,True,True,True,True
0,0,1500.0,17.96698608315317,0.96,18.715610503284555,1.102487249838309,21.350255624818512,0.7633058250605156,0.8415634583928342,0.7768698398515702,28.720160814413365,14554.091785611574,1.032243807821884e+23,72.14958718812562,0.0009322438078218842,full_coupled,Full coupled degradation,full_coupled,all,True,True,True,True,True
0,0,2000.0,17.48697830884308,0.95,18.407345588255875,1.0984522547033682,21.321973468581543,0.7466312927495999,0.8190801659399827,0.8646647167633873,30.710178024414557,9920.47328193234,1.1375976601160646e+23,79.17317734107098,0.001037597660116,full_coupled,Full coupled degradation,full_coupled,all,True,True,True,True,True
0,0,2500.0,16.995803035195415,0.95,17.89031898441623,1.0953052862840549,21.304953201969862,0.7283261799475211,0.7960737941392297,0.9179150013761012,31.917184475636077,7110.041594039107,1.2014980016513212e+23,83.4332001100881,0.0011014980016513,full_coupled,Full coupled degradation,full_coupled,all,True,True,True,True,True
0,0,3000.0,16.506819978206398,0.94,17.560446785325958,1.0929386211633836,21.2946721095119,0.7092456564064308,0.7731701045259209,0.950212931632136,32.64927089477286,5405.428608303934,1.240255517958563e+23,86.01703453057088,0.0011402555179585,full_coupled,Full coupled degradation,full_coupled,all,True,True,True,True,True
0,1,0.0,21.349532116645616,1.05,20.332887730138683,1.1888025451838176,21.621030860046208,0.8306197223604009,1.0,0.0,11.11111111111111,55555.55555555556,9.999999999999998e+21,10.0,0.0,leave_one_out,Full coupled except Rs (series resistance),leave_out_Rs,Rs,False,True,True,True,True
0,1,50.0,20.862889116869784,1.03,20.25523215230076,1.1684073195087714,21.60253656458822,0.8265619936453646,0.9772059173420288,0.0487705754992859,11.11111111111111,52981.55295975991,1.5852469059914314e+22,13.90164603994288,5.8524690599143177e-05,leave_one_out,Full coupled except Rs (series resistance),leave_out_Rs,Rs,False,True,True,True,True
0,1,100.0,20.524075253168245,1.02,20.121642405066904,1.156229681803162,21.585182270758157,0.8223633821849806,0.9613360677429654,0.0951625819640404,11.11111111111111,50533.08595189786,2.1419509835684857e+22,17.61300655712324,0.00011419509835684856,leave_one_out,Full coupled except Rs (series resistance),leave_out_Rs,Rs,False,True,True,True,True
0,1,250.0,19.871811821471336,1.0,19.871811821471333,1.1371011881682187,21.539106228042755,0.8113545470911082,0.9307844177989201,0.2211992169285951,11.11111111111111,43881.152439879705,3.6543906031431408e+22,27.695937354287608,0.0002654390603143141,leave_one_out,Full coupled except Rs (series resistance),leave_out_Rs,Rs,False,True,True,True,True
0,1,500.0,19.240158474913088,0.98,19.63281477031948,1.1224318304505134,21.478345605796164,0.7980826039291187,0.9011981325769706,0.3934693402873666,11.11111111111111,34789.1181515001,5.7216320834483975e+22,41.47754722298933,0.0004721632083448399,leave_one_out,Full coupled except Rs (series resistance),leave_out_Rs,Rs,False,True,True,True,True
0,1,750.0,18.821110588710113,0.97,19.40320679248465,1.11432521945606,21.432531124500127,0.7880609789657486,0.8815701667783077,0.5276334472589853,11.11111111111111,27708.234727998,7.331601367107823e+22,52.21067578071882,0.0006331601367107824,leave_one_out,Full coupled except Rs (series resistance),leave_out_Rs,Rs,False,True,True,True,True
0,1,1000.0,18.493396557148163,0.97,19.06535727541048,1.109280675724066,21.39764401758525,0.7791288338209237,0.8662202270338933,0.6321205588285577,11.11111111111111,22193.637172937237,8.58544670594269e+22,60.56964470628461,0.0007585446705942691,leave_one_out,Full coupled except Rs (series resistance),leave_out_Rs,Rs,False,True,True,True,True
0,1,1500.0,17.96698608248765,0.96,18.715610502591304,1.102487249838309,21.350255624818512,0.7633058250322418,0.8415634583616617,0.7768698398515702,11.11111111111111,14554.091785611574,1.032243807821884e+23,72.14958718812562,0.0009322438078218842,leave_one_out,Full coupled except Rs (series resistance),leave_out_Rs,Rs,False,True,True,True,True
0,1,2000.0,17.48697830884308,0.95,18.407345588255875,1.0984522547033682,21.321973468581543,0.7466312927495999,0.8190801659399827,0.8646647167633873,11.11111111111111,9920.47328193234,1.1375976601160646e+23,79.17317734107098,0.001037597660116,leave_one_out,Full coupled except Rs (series resistance),leave_out_Rs,Rs,False,True,True,True,True
0,1,2500.0,16.995803035195415,0.95,17.89031898441623,1.0953052862840549,21.304953201969862,0.7283261799475211,0.7960737941392297,0.9179150013761012,11.11111111111111,7110.041594039107,1.2014980016513212e+23,83.4332001100881,0.0011014980016513,leave_one_out,Full coupled except Rs (series resistance),leave_out_Rs,Rs,False,True,True,True,True
0,1,3000.0,16.506819978206398,0.94,17.560446785325958,1.0929386211633836,21.2946721095119,0.7092456564064308,0.7731701045259209,0.950212931632136,11.11111111111111,5405.428608303934,1.240255517958563e+23,86.01703453057088,0.0011402555179585,leave_one_out,Full coupled except Rs (series resistance),leave_out_Rs,Rs,False,True,True,True,True
0,2,0.0,21.349532116645616,1.05,20.332887730138683,1.1888025451838176,21.621030860046208,0.8306197223604009,1.0,0.0,11.11111111111111,55555.55555555556,9.999999999999998e+21,10.0,0.0,leave_one_out,Full coupled except Rsh (shunt/leakage),leave_out_Rsh,Rsh,True,False,True,True,True
0,2,50.0,20.87319745704227,1.03,20.265240249555603,1.1684334976602098,21.60253656458822,0.8269518695515684,0.9776887541609419,0.0487705754992859,12.216577489094924,55555.55555555556,1.5852469059914314e+22,13.90164603994288,5.8524690599143177e-05,leave_one_out,Full coupled except Rsh (shunt/leakage),leave_out_Rsh,Rsh,True,False,True,True,True
0,2,100.0,20.544756267506532,1.02,20.141917909320128,1.1562791643821546,21.585182270758157,0.8231568056116669,0.9623047547486241,0.0951625819640404,13.268129635629364,55555.55555555556,2.1419509835684857e+22,17.61300655712324,0.00011419509835684856,leave_one_out,Full coupled except Rsh (shunt/leakage),leave_out_Rsh,Rsh,True,False,True,True,True
0,2,250.0,19.925021012509195,1.0,19.925021012509195,1.1372322971283055,21.539106228042755,0.8134332577812253,0.9332767061894639,0.2211992169285951,16.12496002815927,55555.55555555556,3.6543906031431408e+22,27.695937354287608,0.0002654390603143141,leave_one_out,Full coupled except Rsh (shunt/leakage),leave_out_Rsh,Rsh,True,False,True,True,True
0,2,500.0,19.354815514485075,0.98,19.749811749474567,1.1226973426436242,21.478345605796164,0.8026487156506038,0.9065686034119073,0.3934693402873666,20.02974949095809,55555.55555555556,5.7216320834483975e+22,41.47754722298933,0.0004721632083448399,leave_one_out,Full coupled except Rsh (shunt/leakage),leave_out_Rsh,Rsh,True,False,True,True,True
0,2,750.0,19.010235189565126,0.97,19.5981806077991,1.1147997441994242,21.432531124500127,0.7956410216888711,0.8904286560333279,0.5276334472589853,23.070802582314776,55555.55555555556,7.331601367107823e+22,52.21067578071882,0.0006331601367107824,leave_one_out,Full coupled except Rsh (shunt/leakage),leave_out_Rsh,Rsh,True,False,True,True,True
0,2,1000.0,18.776272489214698,0.97,19.356981947644023,1.1100673783488624,21.39764401758525,0.7904858149065892,0.8794699755773747,0.6321205588285577,25.43917711122508,55555.55555555556,8.58544670594269e+22,60.56964470628461,0.0007585446705942691,leave_one_out,Full coupled except Rsh (shunt/leakage),leave_out_Rsh,Rsh,True,False,True,True,True
0,2,1500.0,18.486248288820136,0.96,19.25650863418764,1.1038124140494687,21.350255624818512,0.7844231976582978,0.8658854061914987,0.7768698398515702,28.720160814413365,55555.55555555556,1.032243807821884e+23,72.14958718812562,0.0009322438078218842,leave_one_out,Full coupled except Rsh (shunt/leakage),leave_out_Rsh,Rsh,True,False,True,True,True
0,2,2000.0,18.319288851071306,0.96,19.082592553199277,1.1007952854566427,21.321973468581543,0.7805031335467245,0.8580651206303619,0.8646647167633873,30.710178024414557,55555.55555555556,1.1375976601160646e+23,79.17317734107098,0.001037597660116,leave_one_out,Full coupled except Rsh (shunt/leakage),leave_out_Rsh,Rsh,True,False,True,True,True
0,2,2500.0,18.225671405780595,0.95,19.18491726924273,1.0989364544268836,21.304953201969862,0.7784493694785916,0.8536801324826488,0.9179150013761012,31.917184475636077,55555.55555555556,1.2014980016513212e+23,83.4332001100881,0.0011014980016513,leave_one_out,Full coupled except Rsh (shunt/leakage),leave_out_Rsh,Rsh,True,False,True,True,True
0,2,3000.0,18.170263262884077,0.95,19.126592908299028,1.0977673810190713,21.2946721095119,0.7772843799681851,0.8510848464317046,0.950212931632136,32.64927089477286,55555.55555555556,1.240255517958563e+23,86.01703453057088,0.0011402555179585,leave_one_out,Full coupled except Rsh (shunt/leakage),leave_out_Rsh,Rsh,True,False,True,True,True
0,3,0.0,21.349532116645616,1.05,20.332887730138683,1.1888025451838176,21.621030860046208,0.8306197223604009,1.0,0.0,11.11111111111111,55555.55555555556,9.999999999999998e+21,10.0,0.0,leave_one_out,Full coupled except Nt (trap density / SRH),leave_out_Nt,Nt,True,True,False,True,True
0,3,50.0,21.38102961386763,1.05,20.362885346540597,1.188661974152067,21.62120044994069,0.8319370047653059,1.0014753249415453,0.0487705754992859,12.216577489094924,52981.55295975991,9.999999999999998e+21,13.90164603994288,5.8524690599143177e-05,leave_one_out,Full coupled except Nt (trap density / SRH),leave_out_Nt,Nt,True,True,False,True,True
0,3,100.0,21.407310422803466,1.05,20.38791468838425,1.1888740509569367,21.6213540879587,0.8328050874666516,1.0027063031565362,0.0951625819640404,13.268129635629364,50533.08595189786,9.999999999999998e+21,17.61300655712324,0.00011419509835684856,leave_one_out,Full coupled except Nt (trap density / SRH),leave_out_Nt,Nt,True,True,False,True,True
0,3,250.0,21.455719528926323,1.05,20.434018598977453,1.1904086691995823,21.62173715108349,0.8335975297200243,1.0049737582866238,0.2211992169285951,16.12496002815927,43881.152439879705,9.999999999999998e+21,27.695937354287608,0.0002654390603143141,leave_one_out,Full coupled except Nt (trap density / SRH),leave_out_Nt,Nt,True,True,False,True,True
0,3,500.0,21.477910693942853,1.06,20.262179899946084,1.1929285438746424,21.62219063294874,0.8326795712343865,1.00601317989527,0.3934693402873666,20.02974949095809,34789.1181515001,9.999999999999998e+21,41.47754722298933,0.0004721632083448399,leave_one_out,Full coupled except Nt (trap density / SRH),leave_out_Nt,Nt,True,True,False,True,True
0,3,750.0,21.445883319067363,1.06,20.231965395346567,1.1947193256504522,21.622496045082045,0.8301799179594862,1.0045130357843592,0.5276334472589853,23.070802582314776,27708.234727998,9.999999999999998e+21,52.21067578071882,0.0006331601367107824,leave_one_out,Full coupled except Nt (trap density / SRH),leave_out_Nt,Nt,True,True,False,True,True
0,3,1000.0,21.370548372949052,1.06,20.16089469146137,1.1958747360445305,21.622709586669444,0.8264562339872377,1.0009843895495514,0.6321205588285577,25.43917711122508,22193.637172937237,9.999999999999998e+21,60.56964470628461,0.0007585446705942691,leave_one_out,Full coupled except Nt (trap density / SRH),leave_out_Nt,Nt,True,True,False,True,True
0,3,1500.0,21.114695591548173,1.06,19.919524142969976,1.1968537765162506,21.62296894382623,0.8158839796246931,0.9890003900875023,0.7768698398515702,28.720160814413365,14554.091785611574,9.999999999999998e+21,72.14958718812562,0.0009322438078218842,leave_one_out,Full coupled except Nt (trap density / SRH),leave_out_Nt,Nt,True,True,False,True,True
0,3,2000.0,20.733595978907157,1.06,19.559996206516185,1.1968015399502412,21.62310762677668,0.8011879008651828,0.9711498999428549,0.8646647167633873,30.710178024414557,9920.47328193234,9.999999999999998e+21,79.17317734107098,0.001037597660116,leave_one_out,Full coupled except Nt (trap density / SRH),leave_out_Nt,Nt,True,True,False,True,True
0,3,2500.0,20.246294604362618,1.06,19.10027792864398,1.196090599411888,21.623184447935294,0.7828198363752994,0.9483249793833732,0.9179150013761012,31.917184475636077,7110.041594039107,9.999999999999998e+21,83.4332001100881,0.0011014980016513,leave_one_out,Full coupled except Nt (trap density / SRH),leave_out_Nt,Nt,True,True,False,True,True
0,3,3000.0,19.698247001733353,1.06,18.58325188842769,1.195050794596675,21.6232282497063,0.7622908050846902,0.922654739884215,0.950212931632136,32.64927089477286,5405.428608303934,9.999999999999998e+21,86.01703453057088,0.0011402555179585,leave_one_out,Full coupled except Nt (trap density / SRH),leave_out_Nt,Nt,True,True,False,True,True
0,4,0.0,21.349532116645616,1.05,20.332887730138683,1.1888025451838176,21.62103086004623,0.8306197223604002,1.0,0.0,11.11111111111111,55555.55555555556,9.999999999999998e+21,10.0,0.0,leave_one_out,Full coupled except Qf (interfacial charge / ions),leave_out_Qf,Qf,True,True,True,False,True
0,4,50.0,20.817982720635122,1.03,20.211633709354484,1.1681004543259534,21.60224210713332,0.8250107770757732,0.9751025271604871,0.0487705754992859,12.216577489094924,52981.55295975991,1.5852469059914314e+22,13.90164603994288,0.0,leave_one_out,Full coupled except Qf (interfacial charge / ions),leave_out_Qf,Qf,True,True,True,False,True
0,4,100.0,20.430912840716612,1.01,20.228626574966945,1.1549163708043648,21.58439461990281,0.8195913405056356,0.9569723930758753,0.0951625819640404,13.268129635629364,50533.08595189786,2.1419509835684857e+22,17.61300655712324,0.0,leave_one_out,Full coupled except Qf (interfacial charge / ions),leave_out_Qf,Qf,True,True,True,False,True
0,4,250.0,19.664412518522663,0.99,19.86304294800269,1.132351345300263,21.53602866886947,0.8063696159298406,0.9210699518417496,0.2211992169285951,16.12496002815927,43881.152439879705,3.6543906031431408e+22,27.695937354287608,0.0,leave_one_out,Full coupled except Qf (interfacial charge / ions),leave_out_Qf,Qf,True,True,True,False,True
0,4,500.0,18.88166087740486,0.97,19.46562977052048,1.113555322560179,21.47020764188544,0.7897545752585728,0.8844063080278642,0.3934693402873666,20.02974949095809,34789.1181515001,5.7216320834483975e+22,41.47754722298933,0.0,leave_one_out,Full coupled except Qf (interfacial charge / ions),leave_out_Qf,Qf,True,True,True,False,True
0,4,750.0,18.357556635842283,0.96,19.12245482900238,1.1031111223588221,21.419174222215734,0.7769496759556669,0.8598575620085568,0.5276334472589853,23.070802582314776,27708.234727998,7.331601367107823e+22,52.21067578071882,0.0,leave_one_out,Full coupled except Qf (interfacial charge / ions),leave_out_Qf,Qf,True,True,True,False,True
0,4,1000.0,17.964366602644375,0.95,18.90985958173092,1.0962969686155062,21.37956708250824,0.7664516951960882,0.8414407634084906,0.6321205588285577,25.43917711122508,22193.637172937237,8.58544670594269e+22,60.56964470628461,0.0,leave_one_out,Full coupled except Qf (interfacial charge / ions),leave_out_Qf,Qf,True,True,True,False,True
0,4,1500.0,17.35487645300215,0.94,18.46263452447037,1.0880068745345755,21.32489625349564,0.7480023458926632,0.8128925897851902,0.7768698398515702,28.720160814413365,14554.091785611574,1.032243807821884e+23,72.14958718812562,0.0,leave_one_out,Full coupled except Qf (interfacial charge / ions),leave_out_Qf,Qf,True,True,True,False,True
0,4,2000.0,16.84148615930826,0.93,18.109124902482,1.082904045327184,21.291848295943524,0.7304274290227447,0.7888456790197027,0.8646647167633873,30.710178024414557,9920.47328193234,1.1375976601160646e+23,79.17317734107098,0.0,leave_one_out,Full coupled except Qf (interfacial charge / ions),leave_out_Qf,Qf,True,True,True,False,True
0,4,2500.0,16.344746952542824,0.92,17.7660292962422,1.0795581007355999,21.271844735686177,0.7117492632701639,0.765578695741032,0.9179150013761012,31.917184475636077,7110.041594039107,1.2014980016513212e+23,83.4332001100881,0.0,leave_one_out,Full coupled except Qf (interfacial charge / ions),leave_out_Qf,Qf,True,True,True,False,True
0,4,3000.0,15.86057875338158,0.92,17.239759514545195,1.076615905127215,21.259726855180748,0.6929478614739619,0.7429005313430519,0.950212931632136,32.64927089477286,5405.428608303934,1.240255517958563e+23,86.01703453057088,0.0,leave_one_out,Full coupled except Qf (interfacial charge / ions),leave_out_Qf,Qf,True,True,True,False,True
0,5,0.0,21.349532116645616,1.05,20.332887730138683,1.1888025451838176,21.6210308517272,0.8306197226799942,1.0,0.0,11.11111111111111,55555.55555555556,9.999999999999998e+21,10.0,0.0,leave_one_out,Full coupled except S (surface recombination),leave_out_S,S,True,True,True,True,False
0,5,50.0,20.862889116869784,1.03,20.25523215230076,1.1684073195087714,21.60253656458822,0.8265619936453646,0.9772059173420288,0.0487705754992859,12.216577489094924,52981.55295975991,1.5852469059914314e+22,10.0,5.8524690599143177e-05,leave_one_out,Full coupled except S (surface recombination),leave_out_S,S,True,True,True,True,False
0,5,100.0,20.524075253168245,1.02,20.121642405066904,1.156229681803162,21.585182270758157,0.8223633821849806,0.9613360677429654,0.0951625819640404,13.268129635629364,50533.08595189786,2.1419509835684857e+22,10.0,0.00011419509835684856,leave_one_out,Full coupled except S (surface recombination),leave_out_S,S,True,True,True,True,False
0,5,250.0,19.871811821471336,1.0,19.871811821471333,1.1371011881682187,21.539106228042755,0.8113545470911082,0.9307844177989201,0.2211992169285951,16.12496002815927,43881.152439879705,3.6543906031431408e+22,10.0,0.0002654390603143141,leave_one_out,Full coupled except S (surface recombination),leave_out_S,S,True,True,True,True,False
0,5,500.0,19.240158474913088,0.98,19.63281477031948,1.1224318304505134,21.478345605796164,0.7980826039291187,0.9011981325769706,0.3934693402873666,20.02974949095809,34789.1181515001,5.7216320834483975e+22,10.0,0.0004721632083448399,leave_one_out,Full coupled except S (surface recombination),leave_out_S,S,True,True,True,True,False
0,5,750.0,18.821110588710113,0.97,19.40320679248465,1.11432521945606,21.432531124500127,0.7880609789657486,0.8815701667783077,0.5276334472589853,23.070802582314776,27708.234727998,7.331601367107823e+22,10.0,0.0006331601367107824,leave_one_out,Full coupled except S (surface recombination),leave_out_S,S,True,True,True,True,False
0,5,1000.0,18.493396557148163,0.97,19.06535727541048,1.109280675724066,21.39764401758525,0.7791288338209237,0.8662202270338933,0.6321205588285577,25.43917711122508,22193.637172937237,8.58544670594269e+22,10.0,0.0007585446705942691,leave_one_out,Full coupled except S (surface recombination),leave_out_S,S,True,True,True,True,False
0,5,1500.0,17.96698608315317,0.96,18.715610503284555,1.102487249838309,21.350255624818512,0.7633058250605156,0.8415634583928342,0.7768698398515702,28.720160814413365,14554.091785611574,1.032243807821884e+23,10.0,0.0009322438078218842,leave_one_out,Full coupled except S (surface recombination),leave_out_S,S,True,True,True,True,False
0,5,2000.0,17.48697830884308,0.95,18.407345588255875,1.0984522547033682,21.321973468581543,0.7466312927495999,0.8190801659399827,0.8646647167633873,30.710178024414557,9920.47328193234,1.1375976601160646e+23,10.0,0.001037597660116,leave_one_out,Full coupled except S (surface recombination),leave_out_S,S,True,True,True,True,False
0,5,2500.0,16.995803035195415,0.95,17.89031898441623,1.0953052862840549,21.304953201969862,0.7283261799475211,0.7960737941392297,0.9179150013761012,31.917184475636077,7110.041594039107,1.2014980016513212e+23,10.0,0.0011014980016513,leave_one_out,Full coupled except S (surface recombination),leave_out_S,S,True,True,True,True,False
0,5,3000.0,16.506819978206398,0.94,17.560446785325958,1.0929386211633836,21.2946721095119,0.7092456564064308,0.7731701045259209,0.950212931632136,32.64927089477286,5405.428608303934,1.240255517958563e+23,10.0,0.0011402555179585,leave_one_out,Full coupled except S (surface recombination),leave_out_S,S,True,True,True,True,False
1,0,0.0,21.349532116645616,1.05,20.332887730138683,1.1888025451838176,21.621030860046208,0.8306197223604009,1.0,0.0,11.11111111111111,55555.55555555556,9.999999999999998e+21,10.0,0.0,control,All knobs off control,all_off_control,all,False,False,False,False,False
1,0,50.0,21.349532116645616,1.05,20.332887730138683,1.1888025451838176,21.621030851727195,0.8306197226799943,1.0,0.0487705754992859,11.11111111111111,55555.55555555556,9.999999999999998e+21,10.0,0.0,control,All knobs off control,all_off_control,all,False,False,False,False,False
1,0,100.0,21.349532116645616,1.05,20.332887730138683,1.1888025451838176,21.621030851727195,0.8306197226799943,1.0,0.0951625819640404,11.11111111111111,55555.55555555556,9.999999999999998e+21,10.0,0.0,control,All knobs off control,all_off_control,all,False,False,False,False,False
1,0,250.0,21.349532116645616,1.05,20.332887730138683,1.1888025451838176,21.621030851727195,0.8306197226799943,1.0,0.2211992169285951,11.11111111111111,55555.55555555556,9.999999999999998e+21,10.0,0.0,control,All knobs off control,all_off_control,all,False,False,False,False,False
1,0,500.0,21.349532116645616,1.05,20.332887730138683,1.1888025451838176,21.621030851727195,0.8306197226799943,1.0,0.3934693402873666,11.11111111111111,55555.55555555556,9.999999999999998e+21,10.0,0.0,control,All knobs off control,all_off_control,all,False,False,False,False,False
1,0,750.0,21.349532116645616,1.05,20.332887730138683,1.1888025451838176,21.621030851727195,0.8306197226799943,1.0,0.5276334472589853,11.11111111111111,55555.55555555556,9.999999999999998e+21,10.0,0.0,control,All knobs off control,all_off_control,all,False,False,False,False,False
1,0,1000.0,21.349532116645616,1.05,20.332887730138683,1.1888025451838176,21.621030851727195,0.8306197226799943,1.0,0.6321205588285577,11.11111111111111,55555.55555555556,9.999999999999998e+21,10.0,0.0,control,All knobs off control,all_off_control,all,False,False,False,False,False
1,0,1500.0,21.349532116645616,1.05,20.332887730138683,1.1888025451838176,21.621030851727195,0.8306197226799943,1.0,0.7768698398515702,11.11111111111111,55555.55555555556,9.999999999999998e+21,10.0,0.0,control,All knobs off control,all_off_control,all,False,False,False,False,False
1,0,2000.0,21.349532116645616,1.05,20.332887730138683,1.1888025451838176,21.621030851727195,0.8306197226799943,1.0,0.8646647167633873,11.11111111111111,55555.55555555556,9.999999999999998e+21,10.0,0.0,control,All knobs off control,all_off_control,all,False,False,False,False,False
1,0,2500.0,21.349532116645616,1.05,20.332887730138683,1.1888025451838176,21.621030851727195,0.8306197226799943,1.0,0.9179150013761012,11.11111111111111,55555.55555555556,9.999999999999998e+21,10.0,0.0,control,All knobs off control,all_off_control,all,False,False,False,False,False
1,0,3000.0,21.349532116645616,1.05,20.332887730138683,1.1888025451838176,21.621030851727195,0.8306197226799943,1.0,0.950212931632136,11.11111111111111,55555.55555555556,9.999999999999998e+21,10.0,0.0,control,All knobs off control,all_off_control,all,False,False,False,False,False
1,1,0.0,21.349532116645616,1.05,20.332887730138683,1.1888025451838176,21.621030851727195,0.8306197226799943,1.0,0.0,11.11111111111111,55555.55555555556,9.999999999999998e+21,10.0,0.0,one_only,Only Rs (series resistance) active,only_Rs,Rs,True,False,False,False,False
1,1,50.0,21.349532116645616,1.05,20.332887730138683,1.1888025451838176,21.621030851727195,0.8306197226799943,1.0,0.0487705754992859,12.216577489094924,55555.55555555556,9.999999999999998e+21,10.0,0.0,one_only,Only Rs (series resistance) active,only_Rs,Rs,True,False,False,False,False
1,1,100.0,21.349532116645616,1.05,20.332887730138683,1.1888025451838176,21.621030851727195,0.8306197226799943,1.0,0.0951625819640404,13.268129635629364,55555.55555555556,9.999999999999998e+21,10.0,0.0,one_only,Only Rs (series resistance) active,only_Rs,Rs,True,False,False,False,False
1,1,250.0,21.349532116645616,1.05,20.332887730138683,1.1888025451838176,21.621030851727195,0.8306197226799943,1.0,0.2211992169285951,16.12496002815927,55555.55555555556,9.999999999999998e+21,10.0,0.0,one_only,Only Rs (series resistance) active,only_Rs,Rs,True,False,False,False,False
1,1,500.0,21.349532116645616,1.05,20.332887730138683,1.1888025451838176,21.621030851727195,0.8306197226799943,1.0,0.3934693402873666,20.02974949095809,55555.55555555556,9.999999999999998e+21,10.0,0.0,one_only,Only Rs (series resistance) active,only_Rs,Rs,True,False,False,False,False
1,1,750.0,21.349532116645616,1.05,20.332887730138683,1.1888025451838176,21.621030851727195,0.8306197226799943,1.0,0.5276334472589853,23.070802582314776,55555.55555555556,9.999999999999998e+21,10.0,0.0,one_only,Only Rs (series resistance) active,only_Rs,Rs,True,False,False,False,False
1,1,1000.0,21.349532116645616,1.05,20.332887730138683,1.1888025451838176,21.621030851727195,0.8306197226799943,1.0,0.6321205588285577,25.43917711122508,55555.55555555556,9.999999999999998e+21,10.0,0.0,one_only,Only Rs (series resistance) active,only_Rs,Rs,True,False,False,False,False
1,1,1500.0,21.349532116645616,1.05,20.332887730138683,1.1888025451838176,21.621030851727195,0.8306197226799943,1.0,0.7768698398515702,28.720160814413365,55555.55555555556,9.999999999999998e+21,10.0,0.0,one_only,Only Rs (series resistance) active,only_Rs,Rs,True,False,False,False,False
1,1,2000.0,21.349532116645616,1.05,20.332887730138683,1.1888025451838176,21.621030851727195,0.8306197226799943,1.0,0.8646647167633873,30.710178024414557,55555.55555555556,9.999999999999998e+21,10.0,0.0,one_only,Only Rs (series resistance) active,only_Rs,Rs,True,False,False,False,False
1,1,2500.0,21.349532116645616,1.05,20.332887730138683,1.1888025451838176,21.621030851727195,0.8306197226799943,1.0,0.9179150013761012,31.917184475636077,55555.55555555556,9.999999999999998e+21,10.0,0.0,one_only,Only Rs (series resistance) active,only_Rs,Rs,True,False,False,False,False
1,1,3000.0,21.349532116645616,1.05,20.332887730138683,1.1888025451838176,21.621030851727195,0.8306197226799943,1.0,0.950212931632136,32.64927089477286,55555.55555555556,9.999999999999998e+21,10.0,0.0,one_only,Only Rs (series resistance) active,only_Rs,Rs,True,False,False,False,False
1,2,0.0,21.349532116645616,1.05,20.332887730138683,1.1888025451838176,21.621030851727195,0.8306197226799943,1.0,0.0,11.11111111111111,55555.55555555556,9.999999999999998e+21,10.0,0.0,one_only,Only Rsh (shunt/leakage) active,only_Rsh,Rsh,False,True,False,False,False
1,2,50.0,21.33881956594323,1.05,20.32268530089831,1.1887744287114763,21.621030851727195,0.8302225784448248,0.999498230188659,0.0487705754992859,11.11111111111111,52981.55295975991,9.999999999999998e+21,10.0,0.0,one_only,Only Rsh (shunt/leakage) active,only_Rsh,Rsh,False,True,False,False,False
1,2,100.0,21.327616681901322,1.05,20.31201588752507,1.1887450267186233,21.621030851727195,0.8298072350911838,0.9989734934412353,0.0951625819640404,11.11111111111111,50533.08595189786,9.999999999999998e+21,10.0,0.0,one_only,Only Rsh (shunt/leakage) active,only_Rsh,Rsh,False,True,False,False,False
1,2,250.0,21.290868983526376,1.05,20.277018079548927,1.1886485925155457,21.621030851727195,0.8284446745331517,0.9972522520494254,0.2211992169285951,11.11111111111111,43881.152439879705,9.999999999999998e+21,10.0,0.0,one_only,Only Rsh (shunt/leakage) active,only_Rsh,Rsh,False,True,False,False,False
1,2,500.0,21.217910515096143,1.05,20.20753382390109,1.1884571794904364,21.621030851727195,0.8257387745488821,0.9938349186843841,0.3934693402873666,11.11111111111111,34789.1181515001,9.999999999999998e+21,10.0,0.0,one_only,Only Rsh (shunt/leakage) active,only_Rsh,Rsh,False,True,False,False,False
1,2,750.0,21.12792528016708,1.05,20.12183360015912,1.1882211801212048,21.621030851727195,0.8224001225632266,0.9896200612140931,0.5276334472589853,11.11111111111111,27708.234727998,9.999999999999998e+21,10.0,0.0,one_only,Only Rsh (shunt/leakage) active,only_Rsh,Rsh,False,True,False,False,False
1,2,1000.0,21.018072115472965,1.05,20.017211538545677,1.18793320123873,21.621030851727195,0.8183224405703695,0.9844746011593284,0.6321205588285577,11.11111111111111,22193.637172937237,9.999999999999998e+21,10.0,0.0,one_only,Only Rsh (shunt/leakage) active,only_Rsh,Rsh,False,True,False,False,False
1,2,1500.0,20.730502976826543,1.04,19.93317593925629,1.1871743523573555,21.621030851727195,0.807642077590968,0.9710050254761118,0.7768698398515702,11.11111111111111,14554.091785611574,9.999999999999998e+21,10.0,0.0,one_only,Only Rsh (shunt/leakage) active,only_Rsh,Rsh,False,True,False,False,False
1,2,2000.0,20.344823133226384,1.04,19.5623299357946,1.1861462168575505,21.621030851727195,0.7933033608052964,0.952939999905858,0.8646647167633873,11.11111111111111,9920.47328193234,9.999999999999998e+21,10.0,0.0,one_only,Only Rsh (shunt/leakage) active,only_Rsh,Rsh,False,True,False,False,False
1,2,2500.0,19.865980655326467,1.04,19.101904476275447,1.1848722061189063,21.621030851727195,0.775464818707828,0.9305112892772733,0.9179150013761012,11.11111111111111,7110.041594039107,9.999999999999998e+21,10.0,0.0,one_only,Only Rsh (shunt/leakage) active,only_Rsh,Rsh,False,True,False,False,False
1,2,3000.0,19.3329555255956,1.04,18.58938031307269,1.1834572516966164,21.621030851727195,0.7555605607038828,0.9055446939055987,0.950212931632136,11.11111111111111,5405.428608303934,9.999999999999998e+21,10.0,0.0,one_only,Only Rsh (shunt/leakage) active,only_Rsh,Rsh,False,True,False,False,False
1,3,0.0,21.349532116645616,1.05,20.332887730138683,1.1888025451838176,21.621030851727195,0.8306197226799943,1.0,0.0,11.11111111111111,55555.55555555556,9.999999999999998e+21,10.0,0.0,one_only,Only Nt (trap density / SRH) active,only_Nt,Nt,False,False,True,False,False
1,3,50.0,20.828291060807604,1.03,20.221641806609327,1.16812703757489,21.60224210713332,0.8254005094907267,0.9755853639794001,0.0487705754992859,11.11111111111111,55555.55555555556,1.5852469059914314e+22,10.0,0.0,one_only,Only Nt (trap density / SRH) active,only_Nt,Nt,False,False,True,False,False
1,3,100.0,20.45119033276437,1.01,20.248703299766703,1.1549663382121331,21.58439461990281,0.820369284089184,0.9579221793258488,0.0951625819640404,11.11111111111111,55555.55555555556,2.1419509835684857e+22,10.0,0.0,one_only,Only Nt (trap density / SRH) active,only_Nt,Nt,False,False,True,False,False
1,3,250.0,19.716562846658864,0.99,19.91572004713017,1.1324750860016521,21.53602866886947,0.8084197784860204,0.9235126436933213,0.2211992169285951,11.11111111111111,55555.55555555556,3.6543906031431408e+22,10.0,0.0,one_only,Only Nt (trap density / SRH) active,only_Nt,Nt,False,False,True,False,False
1,3,500.0,18.993989915861007,0.97,19.58143290294949,1.1138421194801849,21.47020764188544,0.7942483512695049,0.8896677366082388,0.3934693402873666,11.11111111111111,55555.55555555556,5.7216320834483975e+22,10.0,0.0,one_only,Only Nt (trap density / SRH) active,only_Nt,Nt,False,False,True,False,False
1,3,750.0,18.542801860784344,0.96,19.31541860498369,1.1035968475187872,21.419174222215734,0.7844444290339534,0.8685343434916335,0.5276334472589853,11.11111111111111,55555.55555555556,7.331601367107823e+22,10.0,0.0,one_only,Only Nt (trap density / SRH) active,only_Nt,Nt,False,False,True,False,False
1,3,1000.0,18.23569780541837,0.95,19.1954713741246,1.0970886126411068,21.37956708250824,0.7774666567456623,0.8541497633665012,0.6321205588285577,11.11111111111111,55555.55555555556,8.58544670594269e+22,10.0,0.0,one_only,Only Nt (trap density / SRH) active,only_Nt,Nt,False,False,True,False,False
1,3,1500.0,17.852728107654197,0.94,18.992263944312977,1.089592088516751,21.32489625349564,0.7683404943109249,0.8362116794931979,0.7768698398515702,11.11111111111111,55555.55555555556,1.032243807821884e+23,10.0,0.0,one_only,Only Nt (trap density / SRH) active,only_Nt,Nt,False,False,True,False,False
1,3,2000.0,17.63720994257455,0.93,18.964741873736077,1.0852959808069762,21.291848295943524,0.7632526602369095,0.8261169306292818,0.8646647167633873,11.11111111111111,55555.55555555556,1.1375976601160646e+23,10.0,0.0,one_only,Only Nt (trap density / SRH) active,only_Nt,Nt,False,False,True,False,False
1,3,2500.0,17.516712591881845,0.93,18.83517482998048,1.083034098883338,21.271844735686177,0.760335589854105,0.820472902927206,0.9179150013761012,11.11111111111111,55555.55555555556,1.2014980016513212e+23,10.0,0.0,one_only,Only Nt (trap density / SRH) active,only_Nt,Nt,False,False,True,False,False
1,3,3000.0,17.444115704967214,0.93,18.75711366125507,1.0817676433806624,21.259726855180748,0.7585029794403476,0.8170725058356918,0.950212931632136,11.11111111111111,55555.55555555556,1.240255517958563e+23,10.0,0.0,one_only,Only Nt (trap density / SRH) active,only_Nt,Nt,False,False,True,False,False
1,4,0.0,21.349532116645616,1.05,20.332887730138683,1.1888025451838176,21.6210308517272,0.8306197226799942,1.0,0.0,11.11111111111111,55555.55555555556,9.999999999999998e+21,10.0,0.0,one_only,Only Qf (interfacial charge / ions) active,only_Qf,Qf,False,False,False,True,False
1,4,50.0,21.39174216457001,1.05,20.373087775780967,1.188689492291887,21.62120044994069,0.8323345617097312,1.0019770947528863,0.0487705754992859,11.11111111111111,55555.55555555556,9.999999999999998e+21,10.0,5.8524690599143177e-05,one_only,Only Qf (interfacial charge / ions) active,only_Qf,Qf,False,False,False,True,False
1,4,100.0,21.429225857547742,1.05,20.40878653099785,1.1889295547884497,21.6213540879587,0.8336187416663445,1.0037328097153,0.0951625819640404,11.11111111111111,55555.55555555556,9.999999999999998e+21,10.0,0.00011419509835684856,one_only,Only Qf (interfacial charge / ions) active,only_Qf,Qf,False,False,False,True,False
1,4,250.0,21.51438266204557,1.05,20.48988824956721,1.1905291359513264,21.62173715108349,0.8357921292003437,1.0077215062371987,0.2211992169285951,11.11111111111111,55555.55555555556,9.999999999999998e+21,10.0,0.0002654390603143141,one_only,Only Qf (interfacial charge / ions) active,only_Qf,Qf,False,False,False,True,False
1,4,500.0,21.612051312084333,1.06,20.388727652909747,1.193206974588883,21.62219063294874,0.8376845677550329,1.0122962505222322,0.3934693402873666,11.11111111111111,55555.55555555556,9.999999999999998e+21,10.0,0.0004721632083448399,one_only,Only Qf (interfacial charge / ions) active,only_Qf,Qf,False,False,False,True,False
1,4,750.0,21.671731338538823,1.06,20.445029564659265,1.1952050059008963,21.622496045082045,0.8385816954294348,1.0150916291810441,0.5276334472589853,11.11111111111111,55555.55555555556,9.999999999999998e+21,10.0,0.0006331601367107824,one_only,Only Qf (interfacial charge / ions) active,only_Qf,Qf,False,False,False,True,False
1,4,1000.0,21.708351962352772,1.06,20.47957732297431,1.1966213817519995,21.622709586669444,0.8389961736321004,1.0168069184723443,0.6321205588285577,11.11111111111111,55555.55555555556,9.999999999999998e+21,10.0,0.0007585446705942691,one_only,Only Qf (interfacial charge / ions) active,only_Qf,Qf,False,False,False,True,False
1,4,1500.0,21.747771778925998,1.06,20.51676582917547,1.1982996440530815,21.62296894382623,0.8393324461495484,1.018653320368079,0.7768698398515702,11.11111111111111,55555.55555555556,9.999999999999998e+21,10.0,0.0009322438078218842,one_only,Only Qf (interfacial charge / ions) active,only_Qf,Qf,False,False,False,True,False
1,4,2000.0,21.767328483101856,1.06,20.53521555009609,1.1992039154405956,21.62310762677668,0.8394483567358286,1.0195693453221157,0.8646647167633873,11.11111111111111,55555.55555555556,9.999999999999998e+21,10.0,0.001037597660116,one_only,Only Qf (interfacial charge / ions) active,only_Qf,Qf,False,False,False,True,False
1,4,2500.0,21.777463691553205,1.06,20.544777067503023,1.1996790406762143,21.623184447935294,0.8395036215136398,1.0200440727492077,0.9179150013761012,11.11111111111111,55555.55555555556,9.999999999999998e+21,10.0,0.0011014980016513,one_only,Only Qf (interfacial charge / ions) active,only_Qf,Qf,False,False,False,True,False
1,4,3000.0,21.783139309861067,1.06,20.550131424397232,1.1999589469176368,21.6232282497063,0.839524835076989,1.0203099154982127,0.950212931632136,11.11111111111111,55555.55555555556,9.999999999999998e+21,10.0,0.0011402555179585,one_only,Only Qf (interfacial charge / ions) active,only_Qf,Qf,False,False,False,True,False
1,5,0.0,21.349532116645616,1.05,20.332887730138683,1.1888025451838176,21.62103086004623,0.8306197223604002,1.0,0.0,11.11111111111111,55555.55555555556,9.999999999999998e+21,10.0,0.0,one_only,Only S (surface recombination) active,only_S,S,False,False,False,False,True
1,5,50.0,21.349532116645616,1.05,20.332887730138683,1.1888025451838176,21.621030851727195,0.8306197226799943,1.0,0.0487705754992859,11.11111111111111,55555.55555555556,9.999999999999998e+21,13.90164603994288,0.0,one_only,Only S (surface recombination) active,only_S,S,False,False,False,False,True
1,5,100.0,21.349532116645616,1.05,20.332887730138683,1.1888025451838176,21.621030851727195,0.8306197226799943,1.0,0.0951625819640404,11.11111111111111,55555.55555555556,9.999999999999998e+21,17.61300655712324,0.0,one_only,Only S (surface recombination) active,only_S,S,False,False,False,False,True
1,5,250.0,21.349532116645616,1.05,20.332887730138683,1.1888025451838176,21.621030851727195,0.8306197226799943,1.0,0.2211992169285951,11.11111111111111,55555.55555555556,9.999999999999998e+21,27.695937354287608,0.0,one_only,Only S (surface recombination) active,only_S,S,False,False,False,False,True
1,5,500.0,21.349532116645616,1.05,20.332887730138683,1.1888025451838176,21.621030851727195,0.8306197226799943,1.0,0.3934693402873666,11.11111111111111,55555.55555555556,9.999999999999998e+21,41.47754722298933,0.0,one_only,Only S (surface recombination) active,only_S,S,False,False,False,False,True
1,5,750.0,21.349532116645616,1.05,20.332887730138683,1.1888025451838176,21.621030851727195,0.8306197226799943,1.0,0.5276334472589853,11.11111111111111,55555.55555555556,9.999999999999998e+21,52.21067578071882,0.0,one_only,Only S (surface recombination) active,only_S,S,False,False,False,False,True
1,5,1000.0,21.349532116645616,1.05,20.332887730138683,1.1888025451838176,21.621030851727195,0.8306197226799943,1.0,0.6321205588285577,11.11111111111111,55555.55555555556,9.999999999999998e+21,60.56964470628461,0.0,one_only,Only S (surface recombination) active,only_S,S,False,False,False,False,True
1,5,1500.0,21.349532116645616,1.05,20.332887730138683,1.1888025451838176,21.621030851727195,0.8306197226799943,1.0,0.7768698398515702,11.11111111111111,55555.55555555556,9.999999999999998e+21,72.14958718812562,0.0,one_only,Only S (surface recombination) active,only_S,S,False,False,False,False,True
1,5,2000.0,21.349532116645616,1.05,20.332887730138683,1.1888025451838176,21.621030851727195,0.8306197226799943,1.0,0.8646647167633873,11.11111111111111,55555.55555555556,9.999999999999998e+21,79.17317734107098,0.0,one_only,Only S (surface recombination) active,only_S,S,False,False,False,False,True
1,5,2500.0,21.349532116645616,1.05,20.332887730138683,1.1888025451838176,21.621030851727195,0.8306197226799943,1.0,0.9179150013761012,11.11111111111111,55555.55555555556,9.999999999999998e+21,83.4332001100881,0.0,one_only,Only S (surface recombination) active,only_S,S,False,False,False,False,True
1,5,3000.0,21.349532116645616,1.05,20.332887730138683,1.1888025451838176,21.621030851727195,0.8306197226799943,1.0,0.950212931632136,11.11111111111111,55555.55555555556,9.999999999999998e+21,86.01703453057088,0.0,one_only,Only S (surface recombination) active,only_S,S,False,False,False,False,True
